Territorio;Medida;Valor;
Sevilla;Confirmados PDIA;287949;
Sevilla;Confirmados PDIA 14 días;0;
Sevilla;Tasa PDIA 14 días;0;
Sevilla;Confirmados PDIA 7 días;0;
Sevilla;Tasa PDIA 7 dias;0;
Sevilla;Total Confirmados ;288830;
Sevilla;Curados;282476;
Sevilla;Fallecidos;2842;
Aljarafe;Confirmados PDIA;54334;
Aljarafe;Confirmados PDIA 14 días;0;
Aljarafe;Tasa PDIA 14 días;0;
Aljarafe;Confirmados PDIA 7 días;0;
Aljarafe;Tasa PDIA 7 dias;0;
Aljarafe;Total Confirmados ;54514;
Aljarafe;Curados;53388;
Aljarafe;Fallecidos;422;
Albaida del Aljarafe;Confirmados PDIA;457;
Albaida del Aljarafe;Confirmados PDIA 14 días;0;
Albaida del Aljarafe;Tasa PDIA 14 días;0;
Albaida del Aljarafe;Confirmados PDIA 7 días;0;
Albaida del Aljarafe;Tasa PDIA 7 dias;0;
Albaida del Aljarafe;Total Confirmados ;458;
Albaida del Aljarafe;Curados;454;
Albaida del Aljarafe;Fallecidos;3;
Almensilla;Confirmados PDIA;685;
Almensilla;Confirmados PDIA 14 días;0;
Almensilla;Tasa PDIA 14 días;0;
Almensilla;Confirmados PDIA 7 días;0;
Almensilla;Tasa PDIA 7 dias;0;
Almensilla;Total Confirmados ;687;
Almensilla;Curados;667;
Almensilla;Fallecidos;8;
Aznalcázar;Confirmados PDIA;699;
Aznalcázar;Confirmados PDIA 14 días;0;
Aznalcázar;Tasa PDIA 14 días;0;
Aznalcázar;Confirmados PDIA 7 días;0;
Aznalcázar;Tasa PDIA 7 dias;0;
Aznalcázar;Total Confirmados ;701;
Aznalcázar;Curados;680;
Aznalcázar;Fallecidos;9;
Aznalcóllar;Confirmados PDIA;580;
Aznalcóllar;Confirmados PDIA 14 días;0;
Aznalcóllar;Tasa PDIA 14 días;0;
Aznalcóllar;Confirmados PDIA 7 días;0;
Aznalcóllar;Tasa PDIA 7 dias;0;
Aznalcóllar;Total Confirmados ;581;
Aznalcóllar;Curados;561;
Aznalcóllar;Fallecidos;5;
Benacazón;Confirmados PDIA;961;
Benacazón;Confirmados PDIA 14 días;0;
Benacazón;Tasa PDIA 14 días;0;
Benacazón;Confirmados PDIA 7 días;0;
Benacazón;Tasa PDIA 7 dias;0;
Benacazón;Total Confirmados ;961;
Benacazón;Curados;952;
Benacazón;Fallecidos;6;
Bollullos de la Mitación;Confirmados PDIA;1300;
Bollullos de la Mitación;Confirmados PDIA 14 días;0;
Bollullos de la Mitación;Tasa PDIA 14 días;0;
Bollullos de la Mitación;Confirmados PDIA 7 días;0;
Bollullos de la Mitación;Tasa PDIA 7 dias;0;
Bollullos de la Mitación;Total Confirmados ;1308;
Bollullos de la Mitación;Curados;1288;
Bollullos de la Mitación;Fallecidos;6;
Bormujos;Confirmados PDIA;3162;
Bormujos;Confirmados PDIA 14 días;0;
Bormujos;Tasa PDIA 14 días;0;
Bormujos;Confirmados PDIA 7 días;0;
Bormujos;Tasa PDIA 7 dias;0;
Bormujos;Total Confirmados ;3176;
Bormujos;Curados;3110;
Bormujos;Fallecidos;22;
Camas;Confirmados PDIA;4044;
Camas;Confirmados PDIA 14 días;0;
Camas;Tasa PDIA 14 días;0;
Camas;Confirmados PDIA 7 días;0;
Camas;Tasa PDIA 7 dias;0;
Camas;Total Confirmados ;4052;
Camas;Curados;3965;
Camas;Fallecidos;27;
Carrión de los Céspedes;Confirmados PDIA;347;
Carrión de los Céspedes;Confirmados PDIA 14 días;0;
Carrión de los Céspedes;Tasa PDIA 14 días;0;
Carrión de los Céspedes;Confirmados PDIA 7 días;0;
Carrión de los Céspedes;Tasa PDIA 7 dias;0;
Carrión de los Céspedes;Total Confirmados ;348;
Carrión de los Céspedes;Curados;344;
Carrión de los Céspedes;Fallecidos;2;
Castilleja de Guzmán;Confirmados PDIA;459;
Castilleja de Guzmán;Confirmados PDIA 14 días;0;
Castilleja de Guzmán;Tasa PDIA 14 días;0;
Castilleja de Guzmán;Confirmados PDIA 7 días;0;
Castilleja de Guzmán;Tasa PDIA 7 dias;0;
Castilleja de Guzmán;Total Confirmados ;459;
Castilleja de Guzmán;Curados;457;
Castilleja de Guzmán;Fallecidos;0;
Castilleja de la Cuesta;Confirmados PDIA;2358;
Castilleja de la Cuesta;Confirmados PDIA 14 días;0;
Castilleja de la Cuesta;Tasa PDIA 14 días;0;
Castilleja de la Cuesta;Confirmados PDIA 7 días;0;
Castilleja de la Cuesta;Tasa PDIA 7 dias;0;
Castilleja de la Cuesta;Total Confirmados ;2369;
Castilleja de la Cuesta;Curados;2324;
Castilleja de la Cuesta;Fallecidos;18;
Castilleja del Campo;Confirmados PDIA;68;
Castilleja del Campo;Confirmados PDIA 14 días;0;
Castilleja del Campo;Tasa PDIA 14 días;0;
Castilleja del Campo;Confirmados PDIA 7 días;0;
Castilleja del Campo;Tasa PDIA 7 dias;0;
Castilleja del Campo;Total Confirmados ;68;
Castilleja del Campo;Curados;67;
Castilleja del Campo;Fallecidos;0;
Chucena;Confirmados PDIA;344;
Chucena;Confirmados PDIA 14 días;0;
Chucena;Tasa PDIA 14 días;0;
Chucena;Confirmados PDIA 7 días;0;
Chucena;Tasa PDIA 7 dias;0;
Chucena;Total Confirmados ;345;
Chucena;Curados;334;
Chucena;Fallecidos;5;
Coria del Río;Confirmados PDIA;4586;
Coria del Río;Confirmados PDIA 14 días;0;
Coria del Río;Tasa PDIA 14 días;0;
Coria del Río;Confirmados PDIA 7 días;0;
Coria del Río;Tasa PDIA 7 dias;0;
Coria del Río;Total Confirmados ;4597;
Coria del Río;Curados;4503;
Coria del Río;Fallecidos;31;
Espartinas;Confirmados PDIA;2018;
Espartinas;Confirmados PDIA 14 días;0;
Espartinas;Tasa PDIA 14 días;0;
Espartinas;Confirmados PDIA 7 días;0;
Espartinas;Tasa PDIA 7 dias;0;
Espartinas;Total Confirmados ;2028;
Espartinas;Curados;1988;
Espartinas;Fallecidos;16;
Gelves;Confirmados PDIA;1212;
Gelves;Confirmados PDIA 14 días;0;
Gelves;Tasa PDIA 14 días;0;
Gelves;Confirmados PDIA 7 días;0;
Gelves;Tasa PDIA 7 dias;0;
Gelves;Total Confirmados ;1215;
Gelves;Curados;1186;
Gelves;Fallecidos;5;
Gines;Confirmados PDIA;1737;
Gines;Confirmados PDIA 14 días;0;
Gines;Tasa PDIA 14 días;0;
Gines;Confirmados PDIA 7 días;0;
Gines;Tasa PDIA 7 dias;0;
Gines;Total Confirmados ;1742;
Gines;Curados;1708;
Gines;Fallecidos;12;
Hinojos;Confirmados PDIA;498;
Hinojos;Confirmados PDIA 14 días;0;
Hinojos;Tasa PDIA 14 días;0;
Hinojos;Confirmados PDIA 7 días;0;
Hinojos;Tasa PDIA 7 dias;0;
Hinojos;Total Confirmados ;499;
Hinojos;Curados;491;
Hinojos;Fallecidos;6;
Huévar del Aljarafe;Confirmados PDIA;442;
Huévar del Aljarafe;Confirmados PDIA 14 días;0;
Huévar del Aljarafe;Tasa PDIA 14 días;0;
Huévar del Aljarafe;Confirmados PDIA 7 días;0;
Huévar del Aljarafe;Tasa PDIA 7 dias;0;
Huévar del Aljarafe;Total Confirmados ;442;
Huévar del Aljarafe;Curados;435;
Huévar del Aljarafe;Fallecidos;3;
Isla Mayor;Confirmados PDIA;763;
Isla Mayor;Confirmados PDIA 14 días;0;
Isla Mayor;Tasa PDIA 14 días;0;
Isla Mayor;Confirmados PDIA 7 días;0;
Isla Mayor;Tasa PDIA 7 dias;0;
Isla Mayor;Total Confirmados ;764;
Isla Mayor;Curados;747;
Isla Mayor;Fallecidos;7;
Mairena del Aljarafe;Confirmados PDIA;6655;
Mairena del Aljarafe;Confirmados PDIA 14 días;0;
Mairena del Aljarafe;Tasa PDIA 14 días;0;
Mairena del Aljarafe;Confirmados PDIA 7 días;0;
Mairena del Aljarafe;Tasa PDIA 7 dias;0;
Mairena del Aljarafe;Total Confirmados ;6677;
Mairena del Aljarafe;Curados;6558;
Mairena del Aljarafe;Fallecidos;46;
Olivares;Confirmados PDIA;1493;
Olivares;Confirmados PDIA 14 días;0;
Olivares;Tasa PDIA 14 días;0;
Olivares;Confirmados PDIA 7 días;0;
Olivares;Tasa PDIA 7 dias;0;
Olivares;Total Confirmados ;1495;
Olivares;Curados;1466;
Olivares;Fallecidos;9;
Palomares del Río;Confirmados PDIA;1196;
Palomares del Río;Confirmados PDIA 14 días;0;
Palomares del Río;Tasa PDIA 14 días;0;
Palomares del Río;Confirmados PDIA 7 días;0;
Palomares del Río;Tasa PDIA 7 dias;0;
Palomares del Río;Total Confirmados ;1197;
Palomares del Río;Curados;1173;
Palomares del Río;Fallecidos;14;
Pilas;Confirmados PDIA;2402;
Pilas;Confirmados PDIA 14 días;0;
Pilas;Tasa PDIA 14 días;0;
Pilas;Confirmados PDIA 7 días;0;
Pilas;Tasa PDIA 7 dias;0;
Pilas;Total Confirmados ;2406;
Pilas;Curados;2360;
Pilas;Fallecidos;13;
Puebla del Río (La);Confirmados PDIA;1655;
Puebla del Río (La);Confirmados PDIA 14 días;0;
Puebla del Río (La);Tasa PDIA 14 días;0;
Puebla del Río (La);Confirmados PDIA 7 días;0;
Puebla del Río (La);Tasa PDIA 7 dias;0;
Puebla del Río (La);Total Confirmados ;1657;
Puebla del Río (La);Curados;1616;
Puebla del Río (La);Fallecidos;9;
Salteras;Confirmados PDIA;735;
Salteras;Confirmados PDIA 14 días;0;
Salteras;Tasa PDIA 14 días;0;
Salteras;Confirmados PDIA 7 días;0;
Salteras;Tasa PDIA 7 dias;0;
Salteras;Total Confirmados ;739;
Salteras;Curados;727;
Salteras;Fallecidos;4;
San Juan de Aznalfarache;Confirmados PDIA;2919;
San Juan de Aznalfarache;Confirmados PDIA 14 días;0;
San Juan de Aznalfarache;Tasa PDIA 14 días;0;
San Juan de Aznalfarache;Confirmados PDIA 7 días;0;
San Juan de Aznalfarache;Tasa PDIA 7 dias;0;
San Juan de Aznalfarache;Total Confirmados ;2958;
San Juan de Aznalfarache;Curados;2870;
San Juan de Aznalfarache;Fallecidos;59;
Sanlúcar la Mayor;Confirmados PDIA;1647;
Sanlúcar la Mayor;Confirmados PDIA 14 días;0;
Sanlúcar la Mayor;Tasa PDIA 14 días;0;
Sanlúcar la Mayor;Confirmados PDIA 7 días;0;
Sanlúcar la Mayor;Tasa PDIA 7 dias;0;
Sanlúcar la Mayor;Total Confirmados ;1652;
Sanlúcar la Mayor;Curados;1594;
Sanlúcar la Mayor;Fallecidos;23;
Santiponce;Confirmados PDIA;1402;
Santiponce;Confirmados PDIA 14 días;0;
Santiponce;Tasa PDIA 14 días;0;
Santiponce;Confirmados PDIA 7 días;0;
Santiponce;Tasa PDIA 7 dias;0;
Santiponce;Total Confirmados ;1403;
Santiponce;Curados;1358;
Santiponce;Fallecidos;20;
Tomares;Confirmados PDIA;3613;
Tomares;Confirmados PDIA 14 días;0;
Tomares;Tasa PDIA 14 días;0;
Tomares;Confirmados PDIA 7 días;0;
Tomares;Tasa PDIA 7 dias;0;
Tomares;Total Confirmados ;3623;
Tomares;Curados;3576;
Tomares;Fallecidos;15;
Umbrete;Confirmados PDIA;1301;
Umbrete;Confirmados PDIA 14 días;0;
Umbrete;Tasa PDIA 14 días;0;
Umbrete;Confirmados PDIA 7 días;0;
Umbrete;Tasa PDIA 7 dias;0;
Umbrete;Total Confirmados ;1304;
Umbrete;Curados;1281;
Umbrete;Fallecidos;3;
Valencina de la Concepción;Confirmados PDIA;1006;
Valencina de la Concepción;Confirmados PDIA 14 días;0;
Valencina de la Concepción;Tasa PDIA 14 días;0;
Valencina de la Concepción;Confirmados PDIA 7 días;0;
Valencina de la Concepción;Tasa PDIA 7 dias;0;
Valencina de la Concepción;Total Confirmados ;1010;
Valencina de la Concepción;Curados;988;
Valencina de la Concepción;Fallecidos;8;
Villamanrique de la Condesa;Confirmados PDIA;625;
Villamanrique de la Condesa;Confirmados PDIA 14 días;0;
Villamanrique de la Condesa;Tasa PDIA 14 días;0;
Villamanrique de la Condesa;Confirmados PDIA 7 días;0;
Villamanrique de la Condesa;Tasa PDIA 7 dias;0;
Villamanrique de la Condesa;Total Confirmados ;625;
Villamanrique de la Condesa;Curados;616;
Villamanrique de la Condesa;Fallecidos;2;
Villanueva del Ariscal;Confirmados PDIA;965;
Villanueva del Ariscal;Confirmados PDIA 14 días;0;
Villanueva del Ariscal;Tasa PDIA 14 días;0;
Villanueva del Ariscal;Confirmados PDIA 7 días;0;
Villanueva del Ariscal;Tasa PDIA 7 dias;0;
Villanueva del Ariscal;Total Confirmados ;968;
Villanueva del Ariscal;Curados;944;
Villanueva del Ariscal;Fallecidos;6;
Sevilla (distrito);Confirmados PDIA;104768;
Sevilla (distrito);Confirmados PDIA 14 días;0;
Sevilla (distrito);Tasa PDIA 14 días;0;
Sevilla (distrito);Confirmados PDIA 7 días;0;
Sevilla (distrito);Tasa PDIA 7 dias;0;
Sevilla (distrito);Total Confirmados ;105154;
Sevilla (distrito);Curados;102593;
Sevilla (distrito);Fallecidos;1077;
Sevilla (capital);Confirmados PDIA;104768;
Sevilla (capital);Confirmados PDIA 14 días;0;
Sevilla (capital);Tasa PDIA 14 días;0;
Sevilla (capital);Confirmados PDIA 7 días;0;
Sevilla (capital);Tasa PDIA 7 dias;0;
Sevilla (capital);Total Confirmados ;105154;
Sevilla (capital);Curados;102593;
Sevilla (capital);Fallecidos;1077;
Sevilla Este;Confirmados PDIA;24894;
Sevilla Este;Confirmados PDIA 14 días;0;
Sevilla Este;Tasa PDIA 14 días;0;
Sevilla Este;Confirmados PDIA 7 días;0;
Sevilla Este;Tasa PDIA 7 dias;0;
Sevilla Este;Total Confirmados ;24948;
Sevilla Este;Curados;24699;
Sevilla Este;Fallecidos;246;
Aguadulce;Confirmados PDIA;233;
Aguadulce;Confirmados PDIA 14 días;0;
Aguadulce;Tasa PDIA 14 días;0;
Aguadulce;Confirmados PDIA 7 días;0;
Aguadulce;Tasa PDIA 7 dias;0;
Aguadulce;Total Confirmados ;234;
Aguadulce;Curados;231;
Aguadulce;Fallecidos;3;
Algámitas;Confirmados PDIA;230;
Algámitas;Confirmados PDIA 14 días;0;
Algámitas;Tasa PDIA 14 días;0;
Algámitas;Confirmados PDIA 7 días;0;
Algámitas;Tasa PDIA 7 dias;0;
Algámitas;Total Confirmados ;230;
Algámitas;Curados;223;
Algámitas;Fallecidos;6;
Badolatosa;Confirmados PDIA;443;
Badolatosa;Confirmados PDIA 14 días;0;
Badolatosa;Tasa PDIA 14 días;0;
Badolatosa;Confirmados PDIA 7 días;0;
Badolatosa;Tasa PDIA 7 dias;0;
Badolatosa;Total Confirmados ;443;
Badolatosa;Curados;442;
Badolatosa;Fallecidos;1;
Cañada Rosal;Confirmados PDIA;323;
Cañada Rosal;Confirmados PDIA 14 días;0;
Cañada Rosal;Tasa PDIA 14 días;0;
Cañada Rosal;Confirmados PDIA 7 días;0;
Cañada Rosal;Tasa PDIA 7 dias;0;
Cañada Rosal;Total Confirmados ;323;
Cañada Rosal;Curados;320;
Cañada Rosal;Fallecidos;3;
Casariche;Confirmados PDIA;985;
Casariche;Confirmados PDIA 14 días;0;
Casariche;Tasa PDIA 14 días;0;
Casariche;Confirmados PDIA 7 días;0;
Casariche;Tasa PDIA 7 dias;0;
Casariche;Total Confirmados ;985;
Casariche;Curados;976;
Casariche;Fallecidos;9;
Corrales (Los);Confirmados PDIA;576;
Corrales (Los);Confirmados PDIA 14 días;0;
Corrales (Los);Tasa PDIA 14 días;0;
Corrales (Los);Confirmados PDIA 7 días;0;
Corrales (Los);Tasa PDIA 7 dias;0;
Corrales (Los);Total Confirmados ;579;
Corrales (Los);Curados;572;
Corrales (Los);Fallecidos;7;
Écija;Confirmados PDIA;5865;
Écija;Confirmados PDIA 14 días;0;
Écija;Tasa PDIA 14 días;0;
Écija;Confirmados PDIA 7 días;0;
Écija;Tasa PDIA 7 dias;0;
Écija;Total Confirmados ;5879;
Écija;Curados;5805;
Écija;Fallecidos;74;
Estepa;Confirmados PDIA;1945;
Estepa;Confirmados PDIA 14 días;0;
Estepa;Tasa PDIA 14 días;0;
Estepa;Confirmados PDIA 7 días;0;
Estepa;Tasa PDIA 7 dias;0;
Estepa;Total Confirmados ;1950;
Estepa;Curados;1930;
Estepa;Fallecidos;20;
Fuentes de Andalucía;Confirmados PDIA;1103;
Fuentes de Andalucía;Confirmados PDIA 14 días;0;
Fuentes de Andalucía;Tasa PDIA 14 días;0;
Fuentes de Andalucía;Confirmados PDIA 7 días;0;
Fuentes de Andalucía;Tasa PDIA 7 dias;0;
Fuentes de Andalucía;Total Confirmados ;1104;
Fuentes de Andalucía;Curados;1094;
Fuentes de Andalucía;Fallecidos;9;
Gilena;Confirmados PDIA;633;
Gilena;Confirmados PDIA 14 días;0;
Gilena;Tasa PDIA 14 días;0;
Gilena;Confirmados PDIA 7 días;0;
Gilena;Tasa PDIA 7 dias;0;
Gilena;Total Confirmados ;636;
Gilena;Curados;629;
Gilena;Fallecidos;7;
Herrera;Confirmados PDIA;971;
Herrera;Confirmados PDIA 14 días;0;
Herrera;Tasa PDIA 14 días;0;
Herrera;Confirmados PDIA 7 días;0;
Herrera;Tasa PDIA 7 dias;0;
Herrera;Total Confirmados ;976;
Herrera;Curados;959;
Herrera;Fallecidos;16;
Lantejuela;Confirmados PDIA;575;
Lantejuela;Confirmados PDIA 14 días;0;
Lantejuela;Tasa PDIA 14 días;0;
Lantejuela;Confirmados PDIA 7 días;0;
Lantejuela;Tasa PDIA 7 dias;0;
Lantejuela;Total Confirmados ;575;
Lantejuela;Curados;569;
Lantejuela;Fallecidos;6;
Lora de Estepa;Confirmados PDIA;128;
Lora de Estepa;Confirmados PDIA 14 días;0;
Lora de Estepa;Tasa PDIA 14 días;0;
Lora de Estepa;Confirmados PDIA 7 días;0;
Lora de Estepa;Tasa PDIA 7 dias;0;
Lora de Estepa;Total Confirmados ;128;
Lora de Estepa;Curados;128;
Lora de Estepa;Fallecidos;0;
Luisiana (La);Confirmados PDIA;580;
Luisiana (La);Confirmados PDIA 14 días;0;
Luisiana (La);Tasa PDIA 14 días;0;
Luisiana (La);Confirmados PDIA 7 días;0;
Luisiana (La);Tasa PDIA 7 dias;0;
Luisiana (La);Total Confirmados ;583;
Luisiana (La);Curados;580;
Luisiana (La);Fallecidos;3;
Marchena;Confirmados PDIA;2777;
Marchena;Confirmados PDIA 14 días;0;
Marchena;Tasa PDIA 14 días;0;
Marchena;Confirmados PDIA 7 días;0;
Marchena;Tasa PDIA 7 dias;0;
Marchena;Total Confirmados ;2780;
Marchena;Curados;2759;
Marchena;Fallecidos;21;
Marinaleda;Confirmados PDIA;355;
Marinaleda;Confirmados PDIA 14 días;0;
Marinaleda;Tasa PDIA 14 días;0;
Marinaleda;Confirmados PDIA 7 días;0;
Marinaleda;Tasa PDIA 7 dias;0;
Marinaleda;Total Confirmados ;355;
Marinaleda;Curados;354;
Marinaleda;Fallecidos;1;
Martín de la Jara;Confirmados PDIA;417;
Martín de la Jara;Confirmados PDIA 14 días;0;
Martín de la Jara;Tasa PDIA 14 días;0;
Martín de la Jara;Confirmados PDIA 7 días;0;
Martín de la Jara;Tasa PDIA 7 dias;0;
Martín de la Jara;Total Confirmados ;418;
Martín de la Jara;Curados;415;
Martín de la Jara;Fallecidos;3;
Osuna;Confirmados PDIA;2507;
Osuna;Confirmados PDIA 14 días;0;
Osuna;Tasa PDIA 14 días;0;
Osuna;Confirmados PDIA 7 días;0;
Osuna;Tasa PDIA 7 dias;0;
Osuna;Total Confirmados ;2511;
Osuna;Curados;2495;
Osuna;Fallecidos;16;
Pedrera;Confirmados PDIA;893;
Pedrera;Confirmados PDIA 14 días;0;
Pedrera;Tasa PDIA 14 días;0;
Pedrera;Confirmados PDIA 7 días;0;
Pedrera;Tasa PDIA 7 dias;0;
Pedrera;Total Confirmados ;896;
Pedrera;Curados;888;
Pedrera;Fallecidos;8;
Puebla de Cazalla (La);Confirmados PDIA;1540;
Puebla de Cazalla (La);Confirmados PDIA 14 días;0;
Puebla de Cazalla (La);Tasa PDIA 14 días;0;
Puebla de Cazalla (La);Confirmados PDIA 7 días;0;
Puebla de Cazalla (La);Tasa PDIA 7 dias;0;
Puebla de Cazalla (La);Total Confirmados ;1544;
Puebla de Cazalla (La);Curados;1529;
Puebla de Cazalla (La);Fallecidos;15;
Roda de Andalucía (La);Confirmados PDIA;596;
Roda de Andalucía (La);Confirmados PDIA 14 días;0;
Roda de Andalucía (La);Tasa PDIA 14 días;0;
Roda de Andalucía (La);Confirmados PDIA 7 días;0;
Roda de Andalucía (La);Tasa PDIA 7 dias;0;
Roda de Andalucía (La);Total Confirmados ;597;
Roda de Andalucía (La);Curados;592;
Roda de Andalucía (La);Fallecidos;5;
Rubio (El);Confirmados PDIA;423;
Rubio (El);Confirmados PDIA 14 días;0;
Rubio (El);Tasa PDIA 14 días;0;
Rubio (El);Confirmados PDIA 7 días;0;
Rubio (El);Tasa PDIA 7 dias;0;
Rubio (El);Total Confirmados ;425;
Rubio (El);Curados;421;
Rubio (El);Fallecidos;4;
Saucejo (El);Confirmados PDIA;657;
Saucejo (El);Confirmados PDIA 14 días;0;
Saucejo (El);Tasa PDIA 14 días;0;
Saucejo (El);Confirmados PDIA 7 días;0;
Saucejo (El);Tasa PDIA 7 dias;0;
Saucejo (El);Total Confirmados ;658;
Saucejo (El);Curados;651;
Saucejo (El);Fallecidos;7;
Villanueva de San Juan;Confirmados PDIA;139;
Villanueva de San Juan;Confirmados PDIA 14 días;0;
Villanueva de San Juan;Tasa PDIA 14 días;0;
Villanueva de San Juan;Confirmados PDIA 7 días;0;
Villanueva de San Juan;Tasa PDIA 7 dias;0;
Villanueva de San Juan;Total Confirmados ;139;
Villanueva de San Juan;Curados;137;
Villanueva de San Juan;Fallecidos;2;
Sevilla Norte;Confirmados PDIA;42224;
Sevilla Norte;Confirmados PDIA 14 días;0;
Sevilla Norte;Tasa PDIA 14 días;0;
Sevilla Norte;Confirmados PDIA 7 días;0;
Sevilla Norte;Tasa PDIA 7 dias;0;
Sevilla Norte;Total Confirmados ;42314;
Sevilla Norte;Curados;41476;
Sevilla Norte;Fallecidos;409;
Alanís;Confirmados PDIA;255;
Alanís;Confirmados PDIA 14 días;0;
Alanís;Tasa PDIA 14 días;0;
Alanís;Confirmados PDIA 7 días;0;
Alanís;Tasa PDIA 7 dias;0;
Alanís;Total Confirmados ;256;
Alanís;Curados;252;
Alanís;Fallecidos;1;
Alcalá del Río;Confirmados PDIA;2219;
Alcalá del Río;Confirmados PDIA 14 días;0;
Alcalá del Río;Tasa PDIA 14 días;0;
Alcalá del Río;Confirmados PDIA 7 días;0;
Alcalá del Río;Tasa PDIA 7 dias;0;
Alcalá del Río;Total Confirmados ;2222;
Alcalá del Río;Curados;2193;
Alcalá del Río;Fallecidos;17;
Alcolea del Río;Confirmados PDIA;391;
Alcolea del Río;Confirmados PDIA 14 días;0;
Alcolea del Río;Tasa PDIA 14 días;0;
Alcolea del Río;Confirmados PDIA 7 días;0;
Alcolea del Río;Tasa PDIA 7 dias;0;
Alcolea del Río;Total Confirmados ;391;
Alcolea del Río;Curados;383;
Alcolea del Río;Fallecidos;6;
Algaba (La);Confirmados PDIA;3298;
Algaba (La);Confirmados PDIA 14 días;0;
Algaba (La);Tasa PDIA 14 días;0;
Algaba (La);Confirmados PDIA 7 días;0;
Algaba (La);Tasa PDIA 7 dias;0;
Algaba (La);Total Confirmados ;3304;
Algaba (La);Curados;3258;
Algaba (La);Fallecidos;20;
Almadén de la Plata;Confirmados PDIA;122;
Almadén de la Plata;Confirmados PDIA 14 días;0;
Almadén de la Plata;Tasa PDIA 14 días;0;
Almadén de la Plata;Confirmados PDIA 7 días;0;
Almadén de la Plata;Tasa PDIA 7 dias;0;
Almadén de la Plata;Total Confirmados ;122;
Almadén de la Plata;Curados;118;
Almadén de la Plata;Fallecidos;2;
Arroyomolinos de León;Confirmados PDIA;63;
Arroyomolinos de León;Confirmados PDIA 14 días;0;
Arroyomolinos de León;Tasa PDIA 14 días;0;
Arroyomolinos de León;Confirmados PDIA 7 días;0;
Arroyomolinos de León;Tasa PDIA 7 dias;0;
Arroyomolinos de León;Total Confirmados ;63;
Arroyomolinos de León;Curados;63;
Arroyomolinos de León;Fallecidos;0;
Brenes;Confirmados PDIA;2043;
Brenes;Confirmados PDIA 14 días;0;
Brenes;Tasa PDIA 14 días;0;
Brenes;Confirmados PDIA 7 días;0;
Brenes;Tasa PDIA 7 dias;0;
Brenes;Total Confirmados ;2047;
Brenes;Curados;2009;
Brenes;Fallecidos;19;
Burguillos;Confirmados PDIA;923;
Burguillos;Confirmados PDIA 14 días;0;
Burguillos;Tasa PDIA 14 días;0;
Burguillos;Confirmados PDIA 7 días;0;
Burguillos;Tasa PDIA 7 dias;0;
Burguillos;Total Confirmados ;926;
Burguillos;Curados;912;
Burguillos;Fallecidos;7;
Cala;Confirmados PDIA;83;
Cala;Confirmados PDIA 14 días;0;
Cala;Tasa PDIA 14 días;0;
Cala;Confirmados PDIA 7 días;0;
Cala;Tasa PDIA 7 dias;0;
Cala;Total Confirmados ;83;
Cala;Curados;83;
Cala;Fallecidos;0;
Campana (La);Confirmados PDIA;853;
Campana (La);Confirmados PDIA 14 días;0;
Campana (La);Tasa PDIA 14 días;0;
Campana (La);Confirmados PDIA 7 días;0;
Campana (La);Tasa PDIA 7 dias;0;
Campana (La);Total Confirmados ;855;
Campana (La);Curados;839;
Campana (La);Fallecidos;5;
Cantillana;Confirmados PDIA;2131;
Cantillana;Confirmados PDIA 14 días;0;
Cantillana;Tasa PDIA 14 días;0;
Cantillana;Confirmados PDIA 7 días;0;
Cantillana;Tasa PDIA 7 dias;0;
Cantillana;Total Confirmados ;2139;
Cantillana;Curados;2091;
Cantillana;Fallecidos;34;
Carmona;Confirmados PDIA;3908;
Carmona;Confirmados PDIA 14 días;0;
Carmona;Tasa PDIA 14 días;0;
Carmona;Confirmados PDIA 7 días;0;
Carmona;Tasa PDIA 7 dias;0;
Carmona;Total Confirmados ;3918;
Carmona;Curados;3806;
Carmona;Fallecidos;65;
Castilblanco de los Arroyos;Confirmados PDIA;648;
Castilblanco de los Arroyos;Confirmados PDIA 14 días;0;
Castilblanco de los Arroyos;Tasa PDIA 14 días;0;
Castilblanco de los Arroyos;Confirmados PDIA 7 días;0;
Castilblanco de los Arroyos;Tasa PDIA 7 dias;0;
Castilblanco de los Arroyos;Total Confirmados ;648;
Castilblanco de los Arroyos;Curados;631;
Castilblanco de los Arroyos;Fallecidos;12;
Castillo de las Guardas (El);Confirmados PDIA;148;
Castillo de las Guardas (El);Confirmados PDIA 14 días;0;
Castillo de las Guardas (El);Tasa PDIA 14 días;0;
Castillo de las Guardas (El);Confirmados PDIA 7 días;0;
Castillo de las Guardas (El);Tasa PDIA 7 dias;0;
Castillo de las Guardas (El);Total Confirmados ;148;
Castillo de las Guardas (El);Curados;145;
Castillo de las Guardas (El);Fallecidos;2;
Cazalla de la Sierra;Confirmados PDIA;599;
Cazalla de la Sierra;Confirmados PDIA 14 días;0;
Cazalla de la Sierra;Tasa PDIA 14 días;0;
Cazalla de la Sierra;Confirmados PDIA 7 días;0;
Cazalla de la Sierra;Tasa PDIA 7 dias;0;
Cazalla de la Sierra;Total Confirmados ;601;
Cazalla de la Sierra;Curados;591;
Cazalla de la Sierra;Fallecidos;4;
Constantina;Confirmados PDIA;708;
Constantina;Confirmados PDIA 14 días;0;
Constantina;Tasa PDIA 14 días;0;
Constantina;Confirmados PDIA 7 días;0;
Constantina;Tasa PDIA 7 dias;0;
Constantina;Total Confirmados ;709;
Constantina;Curados;676;
Constantina;Fallecidos;11;
Garrobo (El);Confirmados PDIA;146;
Garrobo (El);Confirmados PDIA 14 días;0;
Garrobo (El);Tasa PDIA 14 días;0;
Garrobo (El);Confirmados PDIA 7 días;0;
Garrobo (El);Tasa PDIA 7 dias;0;
Garrobo (El);Total Confirmados ;146;
Garrobo (El);Curados;144;
Garrobo (El);Fallecidos;1;
Gerena;Confirmados PDIA;1112;
Gerena;Confirmados PDIA 14 días;0;
Gerena;Tasa PDIA 14 días;0;
Gerena;Confirmados PDIA 7 días;0;
Gerena;Tasa PDIA 7 dias;0;
Gerena;Total Confirmados ;1112;
Gerena;Curados;1098;
Gerena;Fallecidos;3;
Guadalcanal;Confirmados PDIA;306;
Guadalcanal;Confirmados PDIA 14 días;0;
Guadalcanal;Tasa PDIA 14 días;0;
Guadalcanal;Confirmados PDIA 7 días;0;
Guadalcanal;Tasa PDIA 7 dias;0;
Guadalcanal;Total Confirmados ;306;
Guadalcanal;Curados;293;
Guadalcanal;Fallecidos;4;
Guillena;Confirmados PDIA;1759;
Guillena;Confirmados PDIA 14 días;0;
Guillena;Tasa PDIA 14 días;0;
Guillena;Confirmados PDIA 7 días;0;
Guillena;Tasa PDIA 7 dias;0;
Guillena;Total Confirmados ;1763;
Guillena;Curados;1728;
Guillena;Fallecidos;21;
Lora del Río;Confirmados PDIA;3124;
Lora del Río;Confirmados PDIA 14 días;0;
Lora del Río;Tasa PDIA 14 días;0;
Lora del Río;Confirmados PDIA 7 días;0;
Lora del Río;Tasa PDIA 7 dias;0;
Lora del Río;Total Confirmados ;3131;
Lora del Río;Curados;3061;
Lora del Río;Fallecidos;33;
Madroño (El);Confirmados PDIA;27;
Madroño (El);Confirmados PDIA 14 días;0;
Madroño (El);Tasa PDIA 14 días;0;
Madroño (El);Confirmados PDIA 7 días;0;
Madroño (El);Tasa PDIA 7 dias;0;
Madroño (El);Total Confirmados ;27;
Madroño (El);Curados;27;
Madroño (El);Fallecidos;0;
Mairena del Alcor;Confirmados PDIA;3096;
Mairena del Alcor;Confirmados PDIA 14 días;0;
Mairena del Alcor;Tasa PDIA 14 días;0;
Mairena del Alcor;Confirmados PDIA 7 días;0;
Mairena del Alcor;Tasa PDIA 7 dias;0;
Mairena del Alcor;Total Confirmados ;3110;
Mairena del Alcor;Curados;3052;
Mairena del Alcor;Fallecidos;19;
Navas de la Concepción (Las);Confirmados PDIA;138;
Navas de la Concepción (Las);Confirmados PDIA 14 días;0;
Navas de la Concepción (Las);Tasa PDIA 14 días;0;
Navas de la Concepción (Las);Confirmados PDIA 7 días;0;
Navas de la Concepción (Las);Tasa PDIA 7 dias;0;
Navas de la Concepción (Las);Total Confirmados ;140;
Navas de la Concepción (Las);Curados;134;
Navas de la Concepción (Las);Fallecidos;2;
Pedroso (El);Confirmados PDIA;205;
Pedroso (El);Confirmados PDIA 14 días;0;
Pedroso (El);Tasa PDIA 14 días;0;
Pedroso (El);Confirmados PDIA 7 días;0;
Pedroso (El);Tasa PDIA 7 dias;0;
Pedroso (El);Total Confirmados ;206;
Pedroso (El);Curados;199;
Pedroso (El);Fallecidos;4;
Puebla de los Infantes (La);Confirmados PDIA;332;
Puebla de los Infantes (La);Confirmados PDIA 14 días;0;
Puebla de los Infantes (La);Tasa PDIA 14 días;0;
Puebla de los Infantes (La);Confirmados PDIA 7 días;0;
Puebla de los Infantes (La);Tasa PDIA 7 dias;0;
Puebla de los Infantes (La);Total Confirmados ;332;
Puebla de los Infantes (La);Curados;322;
Puebla de los Infantes (La);Fallecidos;4;
Real de la Jara (El);Confirmados PDIA;170;
Real de la Jara (El);Confirmados PDIA 14 días;0;
Real de la Jara (El);Tasa PDIA 14 días;0;
Real de la Jara (El);Confirmados PDIA 7 días;0;
Real de la Jara (El);Tasa PDIA 7 dias;0;
Real de la Jara (El);Total Confirmados ;170;
Real de la Jara (El);Curados;167;
Real de la Jara (El);Fallecidos;2;
Rinconada (La);Confirmados PDIA;6412;
Rinconada (La);Confirmados PDIA 14 días;0;
Rinconada (La);Tasa PDIA 14 días;0;
Rinconada (La);Confirmados PDIA 7 días;0;
Rinconada (La);Tasa PDIA 7 dias;0;
Rinconada (La);Total Confirmados ;6422;
Rinconada (La);Curados;6311;
Rinconada (La);Fallecidos;55;
Ronquillo (El);Confirmados PDIA;198;
Ronquillo (El);Confirmados PDIA 14 días;0;
Ronquillo (El);Tasa PDIA 14 días;0;
Ronquillo (El);Confirmados PDIA 7 días;0;
Ronquillo (El);Tasa PDIA 7 dias;0;
Ronquillo (El);Total Confirmados ;198;
Ronquillo (El);Curados;191;
Ronquillo (El);Fallecidos;4;
San Nicolás del Puerto;Confirmados PDIA;62;
San Nicolás del Puerto;Confirmados PDIA 14 días;0;
San Nicolás del Puerto;Tasa PDIA 14 días;0;
San Nicolás del Puerto;Confirmados PDIA 7 días;0;
San Nicolás del Puerto;Tasa PDIA 7 dias;0;
San Nicolás del Puerto;Total Confirmados ;62;
San Nicolás del Puerto;Curados;57;
San Nicolás del Puerto;Fallecidos;2;
Santa Olalla del Cala;Confirmados PDIA;241;
Santa Olalla del Cala;Confirmados PDIA 14 días;0;
Santa Olalla del Cala;Tasa PDIA 14 días;0;
Santa Olalla del Cala;Confirmados PDIA 7 días;0;
Santa Olalla del Cala;Tasa PDIA 7 dias;0;
Santa Olalla del Cala;Total Confirmados ;241;
Santa Olalla del Cala;Curados;241;
Santa Olalla del Cala;Fallecidos;0;
Tocina;Confirmados PDIA;1281;
Tocina;Confirmados PDIA 14 días;0;
Tocina;Tasa PDIA 14 días;0;
Tocina;Confirmados PDIA 7 días;0;
Tocina;Tasa PDIA 7 dias;0;
Tocina;Total Confirmados ;1285;
Tocina;Curados;1264;
Tocina;Fallecidos;8;
Villanueva del Río y Minas;Confirmados PDIA;702;
Villanueva del Río y Minas;Confirmados PDIA 14 días;0;
Villanueva del Río y Minas;Tasa PDIA 14 días;0;
Villanueva del Río y Minas;Confirmados PDIA 7 días;0;
Villanueva del Río y Minas;Tasa PDIA 7 dias;0;
Villanueva del Río y Minas;Total Confirmados ;703;
Villanueva del Río y Minas;Curados;690;
Villanueva del Río y Minas;Fallecidos;8;
Villaverde del Río;Confirmados PDIA;1401;
Villaverde del Río;Confirmados PDIA 14 días;0;
Villaverde del Río;Tasa PDIA 14 días;0;
Villaverde del Río;Confirmados PDIA 7 días;0;
Villaverde del Río;Tasa PDIA 7 dias;0;
Villaverde del Río;Total Confirmados ;1402;
Villaverde del Río;Curados;1382;
Villaverde del Río;Fallecidos;12;
Viso del Alcor (El);Confirmados PDIA;3077;
Viso del Alcor (El);Confirmados PDIA 14 días;0;
Viso del Alcor (El);Tasa PDIA 14 días;0;
Viso del Alcor (El);Confirmados PDIA 7 días;0;
Viso del Alcor (El);Tasa PDIA 7 dias;0;
Viso del Alcor (El);Total Confirmados ;3083;
Viso del Alcor (El);Curados;3023;
Viso del Alcor (El);Fallecidos;22;
Zufre;Confirmados PDIA;43;
Zufre;Confirmados PDIA 14 días;0;
Zufre;Tasa PDIA 14 días;0;
Zufre;Confirmados PDIA 7 días;0;
Zufre;Tasa PDIA 7 dias;0;
Zufre;Total Confirmados ;43;
Zufre;Curados;42;
Zufre;Fallecidos;0;
Sevilla Sur;Confirmados PDIA;60337;
Sevilla Sur;Confirmados PDIA 14 días;0;
Sevilla Sur;Tasa PDIA 14 días;0;
Sevilla Sur;Confirmados PDIA 7 días;0;
Sevilla Sur;Tasa PDIA 7 dias;0;
Sevilla Sur;Total Confirmados ;60503;
Sevilla Sur;Curados;58973;
Sevilla Sur;Fallecidos;670;
Alcalá de Guadaíra;Confirmados PDIA;9947;
Alcalá de Guadaíra;Confirmados PDIA 14 días;0;
Alcalá de Guadaíra;Tasa PDIA 14 días;0;
Alcalá de Guadaíra;Confirmados PDIA 7 días;0;
Alcalá de Guadaíra;Tasa PDIA 7 dias;0;
Alcalá de Guadaíra;Total Confirmados ;9972;
Alcalá de Guadaíra;Curados;9674;
Alcalá de Guadaíra;Fallecidos;125;
Arahal;Confirmados PDIA;2831;
Arahal;Confirmados PDIA 14 días;0;
Arahal;Tasa PDIA 14 días;0;
Arahal;Confirmados PDIA 7 días;0;
Arahal;Tasa PDIA 7 dias;0;
Arahal;Total Confirmados ;2845;
Arahal;Curados;2768;
Arahal;Fallecidos;43;
Cabezas de San Juan (Las);Confirmados PDIA;2259;
Cabezas de San Juan (Las);Confirmados PDIA 14 días;0;
Cabezas de San Juan (Las);Tasa PDIA 14 días;0;
Cabezas de San Juan (Las);Confirmados PDIA 7 días;0;
Cabezas de San Juan (Las);Tasa PDIA 7 dias;0;
Cabezas de San Juan (Las);Total Confirmados ;2262;
Cabezas de San Juan (Las);Curados;2211;
Cabezas de San Juan (Las);Fallecidos;26;
Coripe;Confirmados PDIA;95;
Coripe;Confirmados PDIA 14 días;0;
Coripe;Tasa PDIA 14 días;0;
Coripe;Confirmados PDIA 7 días;0;
Coripe;Tasa PDIA 7 dias;0;
Coripe;Total Confirmados ;95;
Coripe;Curados;93;
Coripe;Fallecidos;0;
Coronil (El);Confirmados PDIA;490;
Coronil (El);Confirmados PDIA 14 días;0;
Coronil (El);Tasa PDIA 14 días;0;
Coronil (El);Confirmados PDIA 7 días;0;
Coronil (El);Tasa PDIA 7 dias;0;
Coronil (El);Total Confirmados ;490;
Coronil (El);Curados;480;
Coronil (El);Fallecidos;4;
Cuervo de Sevilla (El);Confirmados PDIA;1478;
Cuervo de Sevilla (El);Confirmados PDIA 14 días;0;
Cuervo de Sevilla (El);Tasa PDIA 14 días;0;
Cuervo de Sevilla (El);Confirmados PDIA 7 días;0;
Cuervo de Sevilla (El);Tasa PDIA 7 dias;0;
Cuervo de Sevilla (El);Total Confirmados ;1478;
Cuervo de Sevilla (El);Curados;1455;
Cuervo de Sevilla (El);Fallecidos;14;
Dos Hermanas;Confirmados PDIA;19765;
Dos Hermanas;Confirmados PDIA 14 días;0;
Dos Hermanas;Tasa PDIA 14 días;0;
Dos Hermanas;Confirmados PDIA 7 días;0;
Dos Hermanas;Tasa PDIA 7 dias;0;
Dos Hermanas;Total Confirmados ;19828;
Dos Hermanas;Curados;19386;
Dos Hermanas;Fallecidos;180;
Lebrija;Confirmados PDIA;3828;
Lebrija;Confirmados PDIA 14 días;0;
Lebrija;Tasa PDIA 14 días;0;
Lebrija;Confirmados PDIA 7 días;0;
Lebrija;Tasa PDIA 7 dias;0;
Lebrija;Total Confirmados ;3852;
Lebrija;Curados;3754;
Lebrija;Fallecidos;41;
Molares (Los);Confirmados PDIA;619;
Molares (Los);Confirmados PDIA 14 días;0;
Molares (Los);Tasa PDIA 14 días;0;
Molares (Los);Confirmados PDIA 7 días;0;
Molares (Los);Tasa PDIA 7 dias;0;
Molares (Los);Total Confirmados ;619;
Molares (Los);Curados;600;
Molares (Los);Fallecidos;7;
Montellano;Confirmados PDIA;1048;
Montellano;Confirmados PDIA 14 días;0;
Montellano;Tasa PDIA 14 días;0;
Montellano;Confirmados PDIA 7 días;0;
Montellano;Tasa PDIA 7 dias;0;
Montellano;Total Confirmados ;1048;
Montellano;Curados;1020;
Montellano;Fallecidos;15;
Morón de la Frontera;Confirmados PDIA;3940;
Morón de la Frontera;Confirmados PDIA 14 días;0;
Morón de la Frontera;Tasa PDIA 14 días;0;
Morón de la Frontera;Confirmados PDIA 7 días;0;
Morón de la Frontera;Tasa PDIA 7 dias;0;
Morón de la Frontera;Total Confirmados ;3950;
Morón de la Frontera;Curados;3874;
Morón de la Frontera;Fallecidos;37;
Palacios y Villafranca (Los);Confirmados PDIA;5360;
Palacios y Villafranca (Los);Confirmados PDIA 14 días;0;
Palacios y Villafranca (Los);Tasa PDIA 14 días;0;
Palacios y Villafranca (Los);Confirmados PDIA 7 días;0;
Palacios y Villafranca (Los);Tasa PDIA 7 dias;0;
Palacios y Villafranca (Los);Total Confirmados ;5364;
Palacios y Villafranca (Los);Curados;5203;
Palacios y Villafranca (Los);Fallecidos;70;
Palmar de Troya (El);Confirmados PDIA;498;
Palmar de Troya (El);Confirmados PDIA 14 días;0;
Palmar de Troya (El);Tasa PDIA 14 días;0;
Palmar de Troya (El);Confirmados PDIA 7 días;0;
Palmar de Troya (El);Tasa PDIA 7 dias;0;
Palmar de Troya (El);Total Confirmados ;498;
Palmar de Troya (El);Curados;482;
Palmar de Troya (El);Fallecidos;9;
Paradas;Confirmados PDIA;990;
Paradas;Confirmados PDIA 14 días;0;
Paradas;Tasa PDIA 14 días;0;
Paradas;Confirmados PDIA 7 días;0;
Paradas;Tasa PDIA 7 dias;0;
Paradas;Total Confirmados ;993;
Paradas;Curados;975;
Paradas;Fallecidos;9;
Pruna;Confirmados PDIA;314;
Pruna;Confirmados PDIA 14 días;0;
Pruna;Tasa PDIA 14 días;0;
Pruna;Confirmados PDIA 7 días;0;
Pruna;Tasa PDIA 7 dias;0;
Pruna;Total Confirmados ;314;
Pruna;Curados;310;
Pruna;Fallecidos;2;
Utrera;Confirmados PDIA;6875;
Utrera;Confirmados PDIA 14 días;0;
Utrera;Tasa PDIA 14 días;0;
Utrera;Confirmados PDIA 7 días;0;
Utrera;Tasa PDIA 7 dias;0;
Utrera;Total Confirmados ;6895;
Utrera;Curados;6688;
Utrera;Fallecidos;88;
Municipio de Sevilla sin especificar;Confirmados PDIA;1392;
Municipio de Sevilla sin especificar;Confirmados PDIA 14 días;0;
Municipio de Sevilla sin especificar;Tasa PDIA 14 días;0;
Municipio de Sevilla sin especificar;Confirmados PDIA 7 días;0;
Municipio de Sevilla sin especificar;Tasa PDIA 7 dias;0;
Municipio de Sevilla sin especificar;Total Confirmados ;1397;
Municipio de Sevilla sin especificar;Curados;1347;
Municipio de Sevilla sin especificar;Fallecidos;18;

          
               
                    
               
               
               
               
               
               
               
               
               
          
          
               
                    
               
               
               
               
               
               
               
               
               
          
          
               
                    
               
               
               
               
               
               
               
               
               
          
          
               
                    
               
               
               
               
               
               
               
               
               
          
          
               
                    
               
               
               
               
               
               
               
               
               
          
          
               
                    
               
               
               
               
               
               
               
               
               
          
          
               
                    
               
               
               
               
               
               
               
               
               
          
          
               
                    
               
               
               
               
               
               
               
               
               
          
          
               
                    
               
               
               
               
               
               
               
               
               
          
          
               
                    
               
               
               
               
               
               
               
               
               
          
          
               
                    
               
               
               
               
               
               
               
               
               
          
          
               
                    
               
               
               
               
               
               
               
               
               
          
          
               
                    
               
               
               
               
               
               
               
               
               
          
          
               
                    
               
               
               
               
               
               
               
               
               
          
          
               
                    
               
               
               
               
               
               
               
               
               
          
          
               
                    
               
               
               
               
               
               
               
               
               
          
          
               
                    
               
               
               
               
               
               
               
               
               
          
          
               
                    
               
               
               
               
               
               
               
               
               
          
          
               
                    
               
               
               
               
               
               
               
               
               
          
          
               
                    
               
               
               
               
               
               
               
               
               
          
          
               
                    
               
               
               
               
               
               
               
               
               
          
          
               
                    
               
               
               
               
               
               
               
               
               
          
          
               
                    
               
               
               
               
               
               
               
               
               
          
          
               
                    
               
               
               
               
               
               
               
               
               
          
          
               
                    
               
               
               
               
               
               
               
               
               
          
          
               
                    
               
               
               
               
               
               
               
               
               
          
          
               
                    
               
               
               
               
               
               
               
               
               
          
          
               
                    
               
               
               
               
               
               
               
               
               
          
          
               
                    
               
               
               
               
               
               
               
               
               
          
          
               
                    
               
               
               
               
               
               
               
               
               
          
          
               
                    
               
               
               
               
               
               
               
               
               
          
          
               
                    
               
               
               
               
               
               
               
               
               
          
          
               
                    
               
               
               
               
               
               
               
               
               
          
          
               
                    
               
               
               
               
               
               
               
               
               
          
          
               
                    
               
               
               
               
               
               
               
               
               
          
          
               
                    
               
               
               
               
               
               
               
               
               
          
          
               
                    
               
               
               
               
               
               
               
               
               
          
          
               
                    
               
               
               
               
               
               
               
               
               
          
          
               
                    
               
               
               
               
               
               
               
               
               
          
          
               
                    
               
               
               
               
               
               
               
               
               
          
          
               
                    
               
               
               
               
               
               
               
               
               
          
          
               
                    
               
               
               
               
               
               
               
               
               
          
          
               
                    
               
               
               
               
               
               
               
               
               
          
          
               
                    
               
               
               
               
               
               
               
               
               
          
          
               
                    
               
               
               
               
               
               
               
               
               
          
          
               
                    
               
               
               
               
               
               
               
               
               
          
          
               
                    
               
               
               
               
               
               
               
               
               
          
          
               
                    
               
               
               
               
               
               
               
               
               
          
          
               
                    
               
               
               
               
               
               
               
               
               
          
          
               
                    
               
               
               
               
               
               
               
               
               
          
          
               
                    
               
               
               
               
               
               
               
               
               
          
          
               
                    
               
               
               
               
               
               
               
               
               
          
          
               
                    
               
               
               
               
               
               
               
               
               
          
          
               
                    
               
               
               
               
               
               
               
               
               
          
          
               
                    
               
               
               
               
               
               
               
               
               
          
          
               
                    
               
               
               
               
               
               
               
               
               
          
          
               
                    
               
               
               
               
               
               
               
               
               
          
          
               
                    
               
               
               
               
               
               
               
               
               
          
          
               
                    
               
               
               
               
               
               
               
               
               
          
          
               
                    
               
               
               
               
               
               
               
               
               
          
          
               
                    
               
               
               
               
               
               
               
               
               
          
          
               
                    
               
               
               
               
               
               
               
               
               
          
          
               
                    
               
               
               
               
               
               
               
               
               
          
          
               
                    
               
               
               
               
               
               
               
               
               
          
          
               
                    
               
               
               
               
               
               
               
               
               
          
          
               
                    
               
               
               
               
               
               
               
               
               
          
          
               
                    
               
               
               
               
               
               
               
               
               
          
          
               
                    
               
               
               
               
               
               
               
               
               
          
          
               
                    
               
               
               
               
               
               
               
               
               
          
          
               
                    
               
               
               
               
               
               
               
               
               
          
          
               
                    
               
               
               
               
               
               
               
               
               
          
          
               
                    
               
               
               
               
               
               
               
               
               
          
          
               
                    
               
               
               
               
               
               
               
               
               
          
          
               
                    
               
               
               
               
               
               
               
               
               
          
          
               
                    
               
               
               
               
               
               
               
               
               
          
          
               
                    
               
               
               
               
               
               
               
               
               
          
          
               
                    
               
               
               
               
               
               
               
               
               
          
          
               
                    
               
               
               
               
               
               
               
               
               
          
          
               
                    
               
               
               
               
               
               
               
               
               
          
          
               
                    
               
               
               
               
               
               
               
               
               
          
          
               
                    
               
               
               
               
               
               
               
               
               
          
          
               
                    
               
               
               
               
               
               
               
               
               
          
          
               
                    
               
               
               
               
               
               
               
               
               
          
          
               
                    
               
               
               
               
               
               
               
               
               
          
          
               
                    
               
               
               
               
               
               
               
               
               
          
          
               
                    
               
               
               
               
               
               
               
               
               
          
          
               
                    
               
               
               
               
               
               
               
               
               
          
          
               
                    
               
               
               
               
               
               
               
               
               
          
          
               
                    
               
               
               
               
               
               
               
               
               
          
          
               
                    
               
               
               
               
               
               
               
               
               
          
          
               
                    
               
               
               
               
               
               
               
               
               
          
          
               
                    
               
               
               
               
               
               
               
               
               
          
          
               
                    
               
               
               
               
               
               
               
               
               
          
          
               
                    
               
               
               
               
               
               
               
               
               
          
          
               
                    
               
               
               
               
               
               
               
               
               
          
          
               
                    
               
               
               
               
               
               
               
               
               
          
          
               
                    
               
               
               
               
               
               
               
               
               
          
          
               
                    
               
               
               
               
               
               
               
               
               
          
          
               
                    
               
               
               
               
               
               
               
               
               
          
          
               
                    
               
               
               
               
               
               
               
               
               
          
          
               
                    
               
               
               
               
               
               
               
               
               
          
          
               
                    
               
               
               
               
               
               
               
               
               
          
          
               
                    
               
               
               
               
               
               
               
               
               
          
          
               
                    
               
               
               
               
               
               
               
               
               
          
          
               
                    
               
               
               
               
               
               
               
               
               
          
          
               
                    
               
               
               
               
               
               
               
               
               
          
          
               
                    
               
               
               
               
               
               
               
               
               
          
          
               
                    
               
               
               
               
               
               
               
               
               
          
          
               
                    
               
               
               
               
               
               
               
               
               
          
          
               
                    
               
               
               
               
               
               
               
               
               
          
          
               
                    
               
               
               
               
               
               
               
               
               
          
          
               
                    
               
               
               
               
               
               
               
               
               
          
          
               
                    
               
               
               
               
               
               
               
               
               
          
          
               
                    
               
               
               
               
               
               
               
               
               
          
          
               
                    
               
               
               
               
               
               
               
               
               
          
          
               
                    
               
               
               
               
               
               
               
               
               
          
          
               
                    
               
               
               
               
               
               
               
               
               
          
          
               
                    
               
               
               
               
               
               
               
               
               
          
     